-- MySQL dump 10.13  Distrib 5.1.41, for debian-linux-gnu (x86_64)
--
-- Host: ui01.macc.unican.es    Database: WRF4GDB
-- ------------------------------------------------------
-- Server version	5.0.77

/*!40101 SET @OLD_CHARACTER_SET_CLIENT=@@CHARACTER_SET_CLIENT */;
/*!40101 SET @OLD_CHARACTER_SET_RESULTS=@@CHARACTER_SET_RESULTS */;
/*!40101 SET @OLD_COLLATION_CONNECTION=@@COLLATION_CONNECTION */;
/*!40101 SET NAMES utf8 */;
/*!40103 SET @OLD_TIME_ZONE=@@TIME_ZONE */;
/*!40103 SET TIME_ZONE='+00:00' */;
/*!40014 SET @OLD_UNIQUE_CHECKS=@@UNIQUE_CHECKS, UNIQUE_CHECKS=0 */;
/*!40014 SET @OLD_FOREIGN_KEY_CHECKS=@@FOREIGN_KEY_CHECKS, FOREIGN_KEY_CHECKS=0 */;
/*!40101 SET @OLD_SQL_MODE=@@SQL_MODE, SQL_MODE='NO_AUTO_VALUE_ON_ZERO' */;
/*!40111 SET @OLD_SQL_NOTES=@@SQL_NOTES, SQL_NOTES=0 */;

--
-- Not dumping tablespaces as no INFORMATION_SCHEMA.FILES table on this server
--

--
-- Current Database: `WRF4GDB`
--

CREATE DATABASE /*!32312 IF NOT EXISTS*/ `WRF4GDB` /*!40100 DEFAULT CHARACTER SET latin1 */;

USE `WRF4GDB`;

--
-- Table structure for table `Chunk`
--

DROP TABLE IF EXISTS `Chunk`;
/*!40101 SET @saved_cs_client     = @@character_set_client */;
/*!40101 SET character_set_client = utf8 */;
CREATE TABLE `Chunk` (
  `id` int(11) NOT NULL auto_increment,
  `id_rea` int(11) default NULL,
  `sdate` datetime default NULL,
  `edate` datetime default NULL,
  `wps` tinyint(1) default '0',
  `status` smallint(5) unsigned default NULL,
  `id_chunk` int(11) default NULL,
  PRIMARY KEY  (`id`),
  KEY `chunk_id_rea` (`id_rea`),
  CONSTRAINT `chunk_id_rea` FOREIGN KEY (`id_rea`) REFERENCES `Realization` (`id`) ON DELETE CASCADE ON UPDATE NO ACTION
) ENGINE=InnoDB AUTO_INCREMENT=984 DEFAULT CHARSET=latin1;
/*!40101 SET character_set_client = @saved_cs_client */;

--
-- Dumping data for table `Chunk`
--

LOCK TABLES `Chunk` WRITE;
/*!40000 ALTER TABLE `Chunk` DISABLE KEYS */;
INSERT INTO `Chunk` VALUES (861,103,'1950-01-01 00:00:00','1950-01-15 00:00:00',0,0,1),(862,103,'1950-01-15 00:00:00','1950-01-29 00:00:00',0,0,2),(863,103,'1950-01-29 00:00:00','1950-02-12 00:00:00',0,0,3),(864,103,'1950-02-12 00:00:00','1950-02-26 00:00:00',0,0,4),(865,103,'1950-02-26 00:00:00','1950-03-12 00:00:00',0,0,5),(866,103,'1950-03-12 00:00:00','1950-03-26 00:00:00',0,0,6),(867,103,'1950-03-26 00:00:00','1950-04-09 00:00:00',0,0,7),(868,103,'1950-04-09 00:00:00','1950-04-23 00:00:00',0,0,8),(869,103,'1950-04-23 00:00:00','1950-05-07 00:00:00',0,0,9),(870,103,'1950-05-07 00:00:00','1950-05-21 00:00:00',0,0,10),(871,103,'1950-05-21 00:00:00','1950-06-04 00:00:00',0,0,11),(872,103,'1950-06-04 00:00:00','1950-06-18 00:00:00',0,0,12),(873,103,'1950-06-18 00:00:00','1950-07-02 00:00:00',0,0,13),(874,103,'1950-07-02 00:00:00','1950-07-16 00:00:00',0,0,14),(875,103,'1950-07-16 00:00:00','1950-07-30 00:00:00',0,0,15),(876,103,'1950-07-30 00:00:00','1950-08-13 00:00:00',0,0,16),(877,103,'1950-08-13 00:00:00','1950-08-27 00:00:00',0,0,17),(878,103,'1950-08-27 00:00:00','1950-09-10 00:00:00',0,0,18),(879,103,'1950-09-10 00:00:00','1950-09-24 00:00:00',0,0,19),(880,103,'1950-09-24 00:00:00','1950-10-08 00:00:00',0,0,20),(881,103,'1950-10-08 00:00:00','1950-10-22 00:00:00',0,0,21),(882,103,'1950-10-22 00:00:00','1950-11-05 00:00:00',0,0,22),(883,103,'1950-11-05 00:00:00','1950-11-19 00:00:00',0,0,23),(884,103,'1950-11-19 00:00:00','1950-12-03 00:00:00',0,0,24),(885,103,'1950-12-03 00:00:00','1950-12-17 00:00:00',0,0,25),(886,103,'1950-12-17 00:00:00','1950-12-31 00:00:00',0,0,26),(887,103,'1950-12-31 00:00:00','1951-01-11 00:00:00',0,0,27),(888,104,'2009-11-29 06:00:00','2009-12-01 00:00:00',0,0,1),(889,105,'2009-11-30 06:00:00','2009-12-02 00:00:00',0,0,1),(890,106,'2009-12-01 06:00:00','2009-12-03 00:00:00',0,0,1),(891,107,'2009-12-02 06:00:00','2009-12-04 00:00:00',0,0,1),(892,108,'2009-12-03 06:00:00','2009-12-05 00:00:00',0,0,1),(893,109,'2009-12-04 06:00:00','2009-12-06 00:00:00',0,0,1),(894,110,'2009-12-05 06:00:00','2009-12-07 00:00:00',0,0,1),(895,111,'2009-12-06 06:00:00','2009-12-08 00:00:00',0,0,1),(896,112,'2009-12-07 06:00:00','2009-12-09 00:00:00',0,0,1),(897,113,'2009-12-08 06:00:00','2009-12-10 00:00:00',0,0,1),(898,114,'2009-12-09 06:00:00','2009-12-11 00:00:00',0,0,1),(899,115,'2009-12-10 06:00:00','2009-12-12 00:00:00',0,0,1),(900,116,'2009-12-11 06:00:00','2009-12-13 00:00:00',0,0,1),(901,117,'2009-12-12 06:00:00','2009-12-14 00:00:00',0,0,1),(902,118,'2009-12-13 06:00:00','2009-12-15 00:00:00',0,0,1),(903,119,'2009-12-14 06:00:00','2009-12-16 00:00:00',0,0,1),(904,120,'2009-12-15 06:00:00','2009-12-17 00:00:00',0,0,1),(905,121,'2009-12-16 06:00:00','2009-12-18 00:00:00',0,0,1),(906,122,'2009-12-17 06:00:00','2009-12-19 00:00:00',0,0,1),(907,123,'2009-12-18 06:00:00','2009-12-20 00:00:00',0,0,1),(908,124,'2009-12-19 06:00:00','2009-12-21 00:00:00',0,0,1),(909,125,'2009-12-20 06:00:00','2009-12-22 00:00:00',0,0,1),(910,126,'2009-12-21 06:00:00','2009-12-23 00:00:00',0,0,1),(911,127,'2009-12-22 06:00:00','2009-12-24 00:00:00',0,0,1),(912,128,'2009-12-23 06:00:00','2009-12-25 00:00:00',0,0,1),(913,129,'2009-12-24 06:00:00','2009-12-26 00:00:00',0,0,1),(914,130,'2009-12-25 06:00:00','2009-12-27 00:00:00',0,0,1),(915,131,'2009-12-26 06:00:00','2009-12-28 00:00:00',0,0,1),(916,132,'2009-12-27 06:00:00','2009-12-29 00:00:00',0,0,1),(917,133,'2009-12-28 06:00:00','2009-12-30 00:00:00',0,0,1),(918,134,'2009-12-29 06:00:00','2009-12-31 00:00:00',0,0,1),(919,135,'2009-12-30 06:00:00','2010-01-01 00:00:00',0,0,1),(920,136,'1998-05-02 00:00:00','1998-05-16 00:00:00',0,0,1),(921,136,'1998-05-16 00:00:00','1998-05-30 00:00:00',0,0,2),(922,136,'1998-05-30 00:00:00','1998-06-13 00:00:00',0,0,3),(923,136,'1998-06-13 00:00:00','1998-06-27 00:00:00',0,0,4),(924,136,'1998-06-27 00:00:00','1998-07-11 00:00:00',0,0,5),(925,136,'1998-07-11 00:00:00','1998-07-25 00:00:00',0,0,6),(926,136,'1998-07-25 00:00:00','1998-08-08 00:00:00',0,0,7),(927,136,'1998-08-08 00:00:00','1998-08-22 00:00:00',0,0,8),(928,137,'1998-05-02 00:00:00','1998-05-16 00:00:00',0,0,1),(929,137,'1998-05-16 00:00:00','1998-05-30 00:00:00',0,0,2),(930,137,'1998-05-30 00:00:00','1998-06-13 00:00:00',0,0,3),(931,137,'1998-06-13 00:00:00','1998-06-27 00:00:00',0,0,4),(932,137,'1998-06-27 00:00:00','1998-07-11 00:00:00',0,0,5),(933,137,'1998-07-11 00:00:00','1998-07-25 00:00:00',0,0,6),(934,137,'1998-07-25 00:00:00','1998-08-08 00:00:00',0,0,7),(935,137,'1998-08-08 00:00:00','1998-08-22 00:00:00',0,0,8),(936,138,'1998-05-02 00:00:00','1998-05-16 00:00:00',0,0,1),(937,138,'1998-05-16 00:00:00','1998-05-30 00:00:00',0,0,2),(938,138,'1998-05-30 00:00:00','1998-06-13 00:00:00',0,0,3),(939,138,'1998-06-13 00:00:00','1998-06-27 00:00:00',0,0,4),(940,138,'1998-06-27 00:00:00','1998-07-11 00:00:00',0,0,5),(941,138,'1998-07-11 00:00:00','1998-07-25 00:00:00',0,0,6),(942,138,'1998-07-25 00:00:00','1998-08-08 00:00:00',0,0,7),(943,138,'1998-08-08 00:00:00','1998-08-22 00:00:00',0,0,8),(944,139,'1998-05-02 00:00:00','1998-05-16 00:00:00',0,0,1),(945,139,'1998-05-16 00:00:00','1998-05-30 00:00:00',0,0,2),(946,139,'1998-05-30 00:00:00','1998-06-13 00:00:00',0,0,3),(947,139,'1998-06-13 00:00:00','1998-06-27 00:00:00',0,0,4),(948,139,'1998-06-27 00:00:00','1998-07-11 00:00:00',0,0,5),(949,139,'1998-07-11 00:00:00','1998-07-25 00:00:00',0,0,6),(950,139,'1998-07-25 00:00:00','1998-08-08 00:00:00',0,0,7),(951,139,'1998-08-08 00:00:00','1998-08-22 00:00:00',0,0,8),(952,140,'1998-05-02 00:00:00','1998-05-16 00:00:00',0,0,1),(953,140,'1998-05-16 00:00:00','1998-05-30 00:00:00',0,0,2),(954,140,'1998-05-30 00:00:00','1998-06-13 00:00:00',0,0,3),(955,140,'1998-06-13 00:00:00','1998-06-27 00:00:00',0,0,4),(956,140,'1998-06-27 00:00:00','1998-07-11 00:00:00',0,0,5),(957,140,'1998-07-11 00:00:00','1998-07-25 00:00:00',0,0,6),(958,140,'1998-07-25 00:00:00','1998-08-08 00:00:00',0,0,7),(959,140,'1998-08-08 00:00:00','1998-08-22 00:00:00',0,0,8),(960,141,'1998-05-02 00:00:00','1998-05-16 00:00:00',0,0,1),(961,141,'1998-05-16 00:00:00','1998-05-30 00:00:00',0,0,2),(962,141,'1998-05-30 00:00:00','1998-06-13 00:00:00',0,0,3),(963,141,'1998-06-13 00:00:00','1998-06-27 00:00:00',0,0,4),(964,141,'1998-06-27 00:00:00','1998-07-11 00:00:00',0,0,5),(965,141,'1998-07-11 00:00:00','1998-07-25 00:00:00',0,0,6),(966,141,'1998-07-25 00:00:00','1998-08-08 00:00:00',0,0,7),(967,141,'1998-08-08 00:00:00','1998-08-22 00:00:00',0,0,8),(968,142,'1998-05-02 00:00:00','1998-05-16 00:00:00',0,0,1),(969,142,'1998-05-16 00:00:00','1998-05-30 00:00:00',0,0,2),(970,142,'1998-05-30 00:00:00','1998-06-13 00:00:00',0,0,3),(971,142,'1998-06-13 00:00:00','1998-06-27 00:00:00',0,0,4),(972,142,'1998-06-27 00:00:00','1998-07-11 00:00:00',0,0,5),(973,142,'1998-07-11 00:00:00','1998-07-25 00:00:00',0,0,6),(974,142,'1998-07-25 00:00:00','1998-08-08 00:00:00',0,0,7),(975,142,'1998-08-08 00:00:00','1998-08-22 00:00:00',0,0,8),(976,143,'1998-05-02 00:00:00','1998-05-16 00:00:00',0,0,1),(977,143,'1998-05-16 00:00:00','1998-05-30 00:00:00',0,0,2),(978,143,'1998-05-30 00:00:00','1998-06-13 00:00:00',0,0,3),(979,143,'1998-06-13 00:00:00','1998-06-27 00:00:00',0,0,4),(980,143,'1998-06-27 00:00:00','1998-07-11 00:00:00',0,0,5),(981,143,'1998-07-11 00:00:00','1998-07-25 00:00:00',0,0,6),(982,143,'1998-07-25 00:00:00','1998-08-08 00:00:00',0,0,7),(983,143,'1998-08-08 00:00:00','1998-08-22 00:00:00',0,0,8);
/*!40000 ALTER TABLE `Chunk` ENABLE KEYS */;
UNLOCK TABLES;

--
-- Table structure for table `Events`
--

DROP TABLE IF EXISTS `Events`;
/*!40101 SET @saved_cs_client     = @@character_set_client */;
/*!40101 SET character_set_client = utf8 */;
CREATE TABLE `Events` (
  `id` int(11) NOT NULL,
  `id_job` int(11) default NULL,
  `status` int(11) default NULL,
  `timestamp` datetime default NULL,
  PRIMARY KEY  (`id`),
  KEY `chunkstatus_id_job` (`id_job`),
  CONSTRAINT `chunkstatus_id_job` FOREIGN KEY (`id_job`) REFERENCES `Job` (`id`) ON DELETE NO ACTION ON UPDATE NO ACTION
) ENGINE=InnoDB DEFAULT CHARSET=latin1;
/*!40101 SET character_set_client = @saved_cs_client */;

--
-- Dumping data for table `Events`
--

LOCK TABLES `Events` WRITE;
/*!40000 ALTER TABLE `Events` DISABLE KEYS */;
/*!40000 ALTER TABLE `Events` ENABLE KEYS */;
UNLOCK TABLES;

--
-- Table structure for table `Experiment`
--

DROP TABLE IF EXISTS `Experiment`;
/*!40101 SET @saved_cs_client     = @@character_set_client */;
/*!40101 SET character_set_client = utf8 */;
CREATE TABLE `Experiment` (
  `id` int(11) NOT NULL auto_increment,
  `name` varchar(20) NOT NULL,
  `sdate` datetime default NULL,
  `edate` datetime default NULL,
  `mphysics` tinyint(1) default NULL,
  `cont` tinyint(1) default NULL,
  `basepath` varchar(300) default NULL,
  `mphysics_labels` varchar(1024) default NULL,
  PRIMARY KEY  (`id`),
  UNIQUE KEY `name_UNIQUE` (`name`)
) ENGINE=InnoDB AUTO_INCREMENT=19 DEFAULT CHARSET=latin1;
/*!40101 SET character_set_client = @saved_cs_client */;

--
-- Dumping data for table `Experiment`
--

LOCK TABLES `Experiment` WRITE;
/*!40000 ALTER TABLE `Experiment` DISABLE KEYS */;
INSERT INTO `Experiment` VALUES (16,'scne1a','1950-01-01 00:00:00','1951-01-11 00:00:00',0,1,'/oceano/gmeteo/WORK/valva/salidaWRF',''),(17,'swi15','2009-11-29 06:00:00','2010-01-01 00:00:00',0,0,'/oceano/gmeteo/WORK/valva/salidaWRF',''),(18,'cdx12','1998-05-02 00:00:00','1998-08-22 00:00:00',1,1,'/oceano/gmeteo/WORK/valva/salidaWRF','1_1_1_4_1_1_3/1_1_1_4_1_4_3/1_1_1_4_3_3_2/1_1_1_4_3_3_3/1_2_2_4_3_3_3/1_7_7_4_3_3_7/2_1_1_4_3_3_3/3_1_1_4_3_3_3');
/*!40000 ALTER TABLE `Experiment` ENABLE KEYS */;
UNLOCK TABLES;

--
-- Table structure for table `File`
--

DROP TABLE IF EXISTS `File`;
/*!40101 SET @saved_cs_client     = @@character_set_client */;
/*!40101 SET character_set_client = utf8 */;
CREATE TABLE `File` (
  `id` int(11) NOT NULL auto_increment,
  `id_rea` int(11) default NULL,
  `name` varchar(45) default NULL,
  `type` int(11) default NULL,
  `sdate` datetime default NULL,
  `edate` datetime default NULL,
  PRIMARY KEY  (`id`),
  KEY `file_id_rea` (`id_rea`),
  KEY `file_type` (`type`),
  CONSTRAINT `file_id_rea` FOREIGN KEY (`id_rea`) REFERENCES `Realization` (`id`) ON DELETE NO ACTION ON UPDATE NO ACTION,
  CONSTRAINT `file_type` FOREIGN KEY (`type`) REFERENCES `Filetype` (`id`) ON DELETE NO ACTION ON UPDATE NO ACTION
) ENGINE=InnoDB DEFAULT CHARSET=latin1;
/*!40101 SET character_set_client = @saved_cs_client */;

--
-- Dumping data for table `File`
--

LOCK TABLES `File` WRITE;
/*!40000 ALTER TABLE `File` DISABLE KEYS */;
/*!40000 ALTER TABLE `File` ENABLE KEYS */;
UNLOCK TABLES;

--
-- Table structure for table `Filetype`
--

DROP TABLE IF EXISTS `Filetype`;
/*!40101 SET @saved_cs_client     = @@character_set_client */;
/*!40101 SET character_set_client = utf8 */;
CREATE TABLE `Filetype` (
  `id` int(11) NOT NULL,
  `type` varchar(20) default NULL,
  `descr` varchar(2000) default NULL,
  `format` varchar(20) default NULL,
  PRIMARY KEY  (`id`)
) ENGINE=InnoDB DEFAULT CHARSET=latin1;
/*!40101 SET character_set_client = @saved_cs_client */;

--
-- Dumping data for table `Filetype`
--

LOCK TABLES `Filetype` WRITE;
/*!40000 ALTER TABLE `Filetype` DISABLE KEYS */;
/*!40000 ALTER TABLE `Filetype` ENABLE KEYS */;
UNLOCK TABLES;

--
-- Table structure for table `Job`
--

DROP TABLE IF EXISTS `Job`;
/*!40101 SET @saved_cs_client     = @@character_set_client */;
/*!40101 SET character_set_client = utf8 */;
CREATE TABLE `Job` (
  `id` int(11) NOT NULL auto_increment,
  `gw_job` int(11) default NULL,
  `gw_restarted` int(11) default NULL,
  `gw_array` int(11) default NULL,
  `id_chunk` int(11) default NULL,
  `resource` varchar(45) default NULL,
  `status` int(11) default NULL,
  `hash` varchar(33) default NULL,
  PRIMARY KEY  (`id`),
  KEY `job_id_chunk` (`id_chunk`),
  CONSTRAINT `job_id_chunk` FOREIGN KEY (`id_chunk`) REFERENCES `Chunk` (`id`) ON DELETE NO ACTION ON UPDATE NO ACTION
) ENGINE=InnoDB DEFAULT CHARSET=latin1;
/*!40101 SET character_set_client = @saved_cs_client */;

--
-- Dumping data for table `Job`
--

LOCK TABLES `Job` WRITE;
/*!40000 ALTER TABLE `Job` DISABLE KEYS */;
/*!40000 ALTER TABLE `Job` ENABLE KEYS */;
UNLOCK TABLES;

--
-- Table structure for table `Realization`
--

DROP TABLE IF EXISTS `Realization`;
/*!40101 SET @saved_cs_client     = @@character_set_client */;
/*!40101 SET character_set_client = utf8 */;
CREATE TABLE `Realization` (
  `id` int(11) NOT NULL auto_increment,
  `id_exp` int(11) default NULL,
  `name` varchar(50) default NULL,
  `sdate` datetime default NULL,
  `edate` datetime default NULL,
  `restart` datetime default NULL,
  `status` smallint(5) unsigned default NULL,
  `cdate` datetime default NULL,
  `ctime` datetime default NULL,
  `mphysics_label` varchar(100) default NULL,
  PRIMARY KEY  (`id`),
  KEY `rea_id_exp` (`id_exp`),
  CONSTRAINT `rea_id_exp` FOREIGN KEY (`id_exp`) REFERENCES `Experiment` (`id`) ON DELETE CASCADE ON UPDATE NO ACTION
) ENGINE=InnoDB AUTO_INCREMENT=144 DEFAULT CHARSET=latin1;
/*!40101 SET character_set_client = @saved_cs_client */;

--
-- Dumping data for table `Realization`
--

LOCK TABLES `Realization` WRITE;
/*!40000 ALTER TABLE `Realization` DISABLE KEYS */;
INSERT INTO `Realization` VALUES (103,16,'scne1a','1950-01-01 00:00:00','1951-01-11 00:00:00',NULL,0,'1950-01-01 00:00:00',NULL,''),(104,17,'swi15__2009112906_2009120100','2009-11-29 06:00:00','2009-12-01 00:00:00',NULL,0,'2009-11-29 06:00:00',NULL,''),(105,17,'swi15__2009113006_2009120200','2009-11-30 06:00:00','2009-12-02 00:00:00',NULL,0,'2009-11-30 06:00:00',NULL,''),(106,17,'swi15__2009120106_2009120300','2009-12-01 06:00:00','2009-12-03 00:00:00',NULL,0,'2009-12-01 06:00:00',NULL,''),(107,17,'swi15__2009120206_2009120400','2009-12-02 06:00:00','2009-12-04 00:00:00',NULL,0,'2009-12-02 06:00:00',NULL,''),(108,17,'swi15__2009120306_2009120500','2009-12-03 06:00:00','2009-12-05 00:00:00',NULL,0,'2009-12-03 06:00:00',NULL,''),(109,17,'swi15__2009120406_2009120600','2009-12-04 06:00:00','2009-12-06 00:00:00',NULL,0,'2009-12-04 06:00:00',NULL,''),(110,17,'swi15__2009120506_2009120700','2009-12-05 06:00:00','2009-12-07 00:00:00',NULL,0,'2009-12-05 06:00:00',NULL,''),(111,17,'swi15__2009120606_2009120800','2009-12-06 06:00:00','2009-12-08 00:00:00',NULL,0,'2009-12-06 06:00:00',NULL,''),(112,17,'swi15__2009120706_2009120900','2009-12-07 06:00:00','2009-12-09 00:00:00',NULL,0,'2009-12-07 06:00:00',NULL,''),(113,17,'swi15__2009120806_2009121000','2009-12-08 06:00:00','2009-12-10 00:00:00',NULL,0,'2009-12-08 06:00:00',NULL,''),(114,17,'swi15__2009120906_2009121100','2009-12-09 06:00:00','2009-12-11 00:00:00',NULL,0,'2009-12-09 06:00:00',NULL,''),(115,17,'swi15__2009121006_2009121200','2009-12-10 06:00:00','2009-12-12 00:00:00',NULL,0,'2009-12-10 06:00:00',NULL,''),(116,17,'swi15__2009121106_2009121300','2009-12-11 06:00:00','2009-12-13 00:00:00',NULL,0,'2009-12-11 06:00:00',NULL,''),(117,17,'swi15__2009121206_2009121400','2009-12-12 06:00:00','2009-12-14 00:00:00',NULL,0,'2009-12-12 06:00:00',NULL,''),(118,17,'swi15__2009121306_2009121500','2009-12-13 06:00:00','2009-12-15 00:00:00',NULL,0,'2009-12-13 06:00:00',NULL,''),(119,17,'swi15__2009121406_2009121600','2009-12-14 06:00:00','2009-12-16 00:00:00',NULL,0,'2009-12-14 06:00:00',NULL,''),(120,17,'swi15__2009121506_2009121700','2009-12-15 06:00:00','2009-12-17 00:00:00',NULL,0,'2009-12-15 06:00:00',NULL,''),(121,17,'swi15__2009121606_2009121800','2009-12-16 06:00:00','2009-12-18 00:00:00',NULL,0,'2009-12-16 06:00:00',NULL,''),(122,17,'swi15__2009121706_2009121900','2009-12-17 06:00:00','2009-12-19 00:00:00',NULL,0,'2009-12-17 06:00:00',NULL,''),(123,17,'swi15__2009121806_2009122000','2009-12-18 06:00:00','2009-12-20 00:00:00',NULL,0,'2009-12-18 06:00:00',NULL,''),(124,17,'swi15__2009121906_2009122100','2009-12-19 06:00:00','2009-12-21 00:00:00',NULL,0,'2009-12-19 06:00:00',NULL,''),(125,17,'swi15__2009122006_2009122200','2009-12-20 06:00:00','2009-12-22 00:00:00',NULL,0,'2009-12-20 06:00:00',NULL,''),(126,17,'swi15__2009122106_2009122300','2009-12-21 06:00:00','2009-12-23 00:00:00',NULL,0,'2009-12-21 06:00:00',NULL,''),(127,17,'swi15__2009122206_2009122400','2009-12-22 06:00:00','2009-12-24 00:00:00',NULL,0,'2009-12-22 06:00:00',NULL,''),(128,17,'swi15__2009122306_2009122500','2009-12-23 06:00:00','2009-12-25 00:00:00',NULL,0,'2009-12-23 06:00:00',NULL,''),(129,17,'swi15__2009122406_2009122600','2009-12-24 06:00:00','2009-12-26 00:00:00',NULL,0,'2009-12-24 06:00:00',NULL,''),(130,17,'swi15__2009122506_2009122700','2009-12-25 06:00:00','2009-12-27 00:00:00',NULL,0,'2009-12-25 06:00:00',NULL,''),(131,17,'swi15__2009122606_2009122800','2009-12-26 06:00:00','2009-12-28 00:00:00',NULL,0,'2009-12-26 06:00:00',NULL,''),(132,17,'swi15__2009122706_2009122900','2009-12-27 06:00:00','2009-12-29 00:00:00',NULL,0,'2009-12-27 06:00:00',NULL,''),(133,17,'swi15__2009122806_2009123000','2009-12-28 06:00:00','2009-12-30 00:00:00',NULL,0,'2009-12-28 06:00:00',NULL,''),(134,17,'swi15__2009122906_2009123100','2009-12-29 06:00:00','2009-12-31 00:00:00',NULL,0,'2009-12-29 06:00:00',NULL,''),(135,17,'swi15__2009123006_2010010100','2009-12-30 06:00:00','2010-01-01 00:00:00',NULL,0,'2009-12-30 06:00:00',NULL,''),(136,18,'cdx12__1_1_1_4_3_3_3','1998-05-02 00:00:00','1998-08-22 00:00:00',NULL,0,'1998-05-02 00:00:00',NULL,'1_1_1_4_3_3_3'),(137,18,'cdx12__2_1_1_4_3_3_3','1998-05-02 00:00:00','1998-08-22 00:00:00',NULL,0,'1998-05-02 00:00:00',NULL,'2_1_1_4_3_3_3'),(138,18,'cdx12__3_1_1_4_3_3_3','1998-05-02 00:00:00','1998-08-22 00:00:00',NULL,0,'1998-05-02 00:00:00',NULL,'3_1_1_4_3_3_3'),(139,18,'cdx12__1_2_2_4_3_3_3','1998-05-02 00:00:00','1998-08-22 00:00:00',NULL,0,'1998-05-02 00:00:00',NULL,'1_2_2_4_3_3_3'),(140,18,'cdx12__1_1_1_4_1_1_3','1998-05-02 00:00:00','1998-08-22 00:00:00',NULL,0,'1998-05-02 00:00:00',NULL,'1_1_1_4_1_1_3'),(141,18,'cdx12__1_1_1_4_1_4_3','1998-05-02 00:00:00','1998-08-22 00:00:00',NULL,0,'1998-05-02 00:00:00',NULL,'1_1_1_4_1_4_3'),(142,18,'cdx12__1_1_1_4_3_3_2','1998-05-02 00:00:00','1998-08-22 00:00:00',NULL,0,'1998-05-02 00:00:00',NULL,'1_1_1_4_3_3_2'),(143,18,'cdx12__1_7_7_4_3_3_7','1998-05-02 00:00:00','1998-08-22 00:00:00',NULL,0,'1998-05-02 00:00:00',NULL,'1_7_7_4_3_3_7');
/*!40000 ALTER TABLE `Realization` ENABLE KEYS */;
UNLOCK TABLES;
/*!40103 SET TIME_ZONE=@OLD_TIME_ZONE */;

/*!40101 SET SQL_MODE=@OLD_SQL_MODE */;
/*!40014 SET FOREIGN_KEY_CHECKS=@OLD_FOREIGN_KEY_CHECKS */;
/*!40014 SET UNIQUE_CHECKS=@OLD_UNIQUE_CHECKS */;
/*!40101 SET CHARACTER_SET_CLIENT=@OLD_CHARACTER_SET_CLIENT */;
/*!40101 SET CHARACTER_SET_RESULTS=@OLD_CHARACTER_SET_RESULTS */;
/*!40101 SET COLLATION_CONNECTION=@OLD_COLLATION_CONNECTION */;
/*!40111 SET SQL_NOTES=@OLD_SQL_NOTES */;

-- Dump completed on 2011-04-16  9:42:11
